date,xco2_ppm_mean,xco2_ppm_median,xco2_ppm_std,n_observations,xco_ppb_mean,xco_ppb_median,xco_ppb_std,xch4_ppb_mean,xch4_ppb_median,xch4_ppb_std
2019-09-20,410.23498535,410.23498535,0.359198,94,105.4127655,105.69999695,1.4221164,1830.78625488,1830.80004883,1.70480311
2019-09-21,410.07244873,410.06500244,0.48235837,244,98.90901947,99.30000305,2.51940632,1824.99462891,1825.14990234,2.28261995
2019-09-22,410.14111328,410.14501953,0.45470119,224,89.87187958,89.8500061,1.01015651,1827.20678711,1827.25,2.73166513
2019-09-23,410.58209229,410.64001465,0.43878925,62,95.24838257,95.40000153,0.64011848,1827.37426758,1827.55004883,2.38875699
2019-09-24,410.02822876,410.05999756,0.77533793,74,90.96081543,90.90000153,0.63888109,1826.58654785,1826.30004883,3.88796782
2019-09-25,410.0473938,410.04000854,0.99024874,168,93.13273621,93.40000153,1.50003958,1826.88745117,1827.05004883,4.61118507
2019-09-26,410.00390625,409.98498535,1.13953364,100,95.80599976,95.80000305,1.09034538,1826.63098145,1826.59997559,4.64829302
2019-09-27,410.08361816,410.19000244,1.11884511,36,91.2416687,91.05000305,1.37037575,1819.05004883,1819.19995117,5.04865837
2019-09-28,410.39746094,410.39001465,0.89181781,168,95.89881134,95.5,1.9135505,1819.48022461,1819.39990234,4.73840523
2019-09-29,410.42333984,410.29498291,0.58807313,6,98.90000153,98.80000305,0.71554172,1824.08337402,1825.19995117,2.22388506
2019-09-30,410.36468506,410.42498779,0.98958421,126,93.63095093,94.19999695,2.29393888,1823.88647461,1823.60009766,4.18181372
2019-10-01,410.43554688,410.46499634,0.90507352,36,114.5,114.6499939,1.35478055,1831.49169922,1831.80004883,3.0829916
2019-10-02,409.80477905,409.95001221,0.84148443,21,108.43809509,108.30000305,1.4674722,1830.49047852,1829.30004883,3.79394031
2019-10-03,410.20336914,410.16500854,0.99462217,252,105.95595551,105.90000153,1.45380521,1827.65197754,1827.55004883,4.77954388
2019-10-04,410.30130005,410.26501465,0.88766372,84,108.82499695,108.94999695,2.2226584,1819.625,1819.80004883,3.92273092
2019-10-05,410.19082642,410.33001709,0.59076869,12,98.90833282,98.80000305,1.20639062,1824.08337402,1824.40002441,2.85397506
