date,xco2_ppm_mean,xco_ppb_mean,xch4_ppb_mean,n_observations,observed_days
2015-03-01,396.3223855153571,60.873997141785715,1776.5754743296427,4171,28
2015-04-01,396.87699890107143,65.30848094428572,1782.4705287392858,4099,28
2015-05-01,397.9176853725,62.21584279142858,1782.548261369643,2065,28
2015-06-01,398.71337745333335,66.01626496,1785.4995698476191,2292,21
2015-07-01,399.0974041977778,67.92022210518519,1788.7498101125925,4592,27
2015-08-01,398.8494262692857,75.12129429357142,1791.0723353792857,3662,28
2015-09-01,398.9589233391305,87.62001933304349,1788.241078252174,4036,23
2015-10-01,399.14419781777775,98.63959588,1784.6751663777777,3766,27
2015-11-01,399.936759034,98.67118042039999,1782.2027832032002,2747,25
2015-12-01,400.16675626307693,82.42018244769231,1780.3894512465386,3641,26
2016-01-01,400.19888703695653,72.97922714826088,1783.7116646156524,1771,23
2016-02-01,399.7532986727272,69.64304351909091,1784.7499667090908,909,11
2016-03-01,400.3791588677778,72.64877107166666,1790.5618964305554,1581,18
2016-04-01,400.98277202421053,69.19664081789473,1793.9512361221052,1369,19
2016-05-01,401.7230945931818,69.564731945,1794.0660566845456,2791,22
2016-06-01,,,,0,0
2016-07-01,402.74292795263153,65.87449746368421,1793.264217977895,3414,19
2016-08-01,402.59353129083337,72.99543396625,1796.5278167716667,4289,24
2016-09-01,402.0517014715385,87.94148606538462,1794.4999999992308,4632,26
2016-10-01,402.24639327555553,89.08259667370369,1790.3933060255556,4326,27
2016-11-01,402.1638329547826,79.35636371086956,1784.7128003991304,2720,23
2016-12-01,402.3494763172,66.1727272032,1785.8155322268,3956,25
2017-01-01,402.0561178883871,59.79389990516129,1781.3138545870968,5399,31
2017-02-01,401.65716117,66.64508220142856,1787.9696219300001,651,7
2017-03-01,401.4954732246667,57.69807001733333,1783.8974690746666,2378,15
2017-04-01,401.75815158277777,59.846932728333336,1790.0958319761112,2029,18
2017-05-01,403.0009807231818,62.73556466545454,1796.0345847381818,3517,22
2017-06-01,403.959854125625,66.1705462925,1796.952606200625,2545,16
2017-07-01,403.722717286,61.111260605,1792.9414794929999,1546,10
2017-08-01,403.7389729804167,70.46482626583334,1799.7174326583333,3769,24
2017-09-01,404.0718078616667,95.60147094833333,1799.3921508766668,778,6
2017-10-01,404.67252696636365,96.836342205,1800.12791859,3614,22
2017-11-01,405.044331054,82.5981787116,1797.0594189456,2420,25
2017-12-01,404.7197418216667,73.61276575666668,1796.278059896,3539,30
2018-01-01,404.46990966875,68.3499603275,1795.76917266875,1756,16
2018-02-01,404.0582991895652,68.94819541695652,1801.0374278191305,1886,23
2018-03-01,403.69921439,64.12891006714285,1794.9480678014286,328,7
2018-04-01,,,,0,0
2018-05-01,,,,0,0
2018-06-01,,,,0,0
2018-07-01,,,,0,0
2018-08-01,,,,0,0
2018-09-01,,,,0,0
2018-10-01,,,,0,0
2018-11-01,,,,0,0
2018-12-01,,,,0,0
2019-01-01,,,,0,0
2019-02-01,,,,0,0
2019-03-01,,,,0,0
2019-04-01,,,,0,0
2019-05-01,,,,0,0
2019-06-01,,,,0,0
2019-07-01,,,,0,0
2019-08-01,,,,0,0
2019-09-01,410.2645983014286,92.73863220285715,1823.7469046457143,1475,14
2019-10-01,410.86142349291663,99.31444962875001,1823.6139831541666,2097,24
2019-11-01,411.5265780363636,87.8943058359091,1816.0258622604545,1898,22
2019-12-01,411.3034456692308,71.50397388692308,1814.05107234,3210,26
2020-01-01,410.468850943077,67.21785824,1814.600210336923,993,13
2020-02-01,410.13921102,67.96356884666666,1815.5437774666668,2569,24
2020-03-01,409.8000473747619,73.57042112714286,1825.0744570776192,2032,21
2020-04-01,410.4675788883333,67.19391647958334,1824.8049112958333,2845,24
2020-05-01,,,,0,0
2020-06-01,412.2665939325,67.794303895,1827.710632325,203,4
2020-07-01,412.3334655763636,68.4332351690909,1827.5989879263636,1345,11
